-- phpMyAdmin SQL Dump
-- version 5.2.1
-- https://www.phpmyadmin.net/
--
-- ホスト: 127.0.0.1
-- 生成日時: 2024-05-15 03:23:59
-- サーバのバージョン： 10.4.32-MariaDB
-- PHP のバージョン: 8.2.12

SET SQL_MODE = "NO_AUTO_VALUE_ON_ZERO";
START TRANSACTION;
SET time_zone = "+00:00";


/*!40101 SET @OLD_CHARACTER_SET_CLIENT=@@CHARACTER_SET_CLIENT */;
/*!40101 SET @OLD_CHARACTER_SET_RESULTS=@@CHARACTER_SET_RESULTS */;
/*!40101 SET @OLD_COLLATION_CONNECTION=@@COLLATION_CONNECTION */;
/*!40101 SET NAMES utf8mb4 */;

--
-- データベース: `qol_shop`
--
CREATE DATABASE IF NOT EXISTS `qol_shop` DEFAULT CHARACTER SET utf8mb4 COLLATE utf8mb4_unicode_ci;
USE `qol_shop`;

-- --------------------------------------------------------

--
-- テーブルの構造 `admins`
--

CREATE TABLE `admins` (
  `id` int(11) NOT NULL,
  `username` varchar(20) NOT NULL,
  `email` varchar(255) NOT NULL,
  `password` varchar(15) NOT NULL,
  `is_active` tinyint(1) DEFAULT 1,
  `created_at` timestamp NOT NULL DEFAULT current_timestamp()
) ENGINE=InnoDB DEFAULT CHARSET=utf8mb4 COLLATE=utf8mb4_unicode_ci;

--
-- テーブルのデータのダンプ `admins`
--

INSERT INTO `admins` (`id`, `username`, `email`, `password`, `is_active`, `created_at`) VALUES
(1, '梅田', 'umeda@example.com', '1234', 1, '2023-12-31 15:00:00'),
(2, '錦', 'nishi@example.com', '5678', 1, '2023-12-31 15:00:00'),
(3, '西崎', 'nishizaki@example.com', '91011', 1, '2023-12-31 15:00:00'),
(4, '社長', 'shacho@example.com', '1213', 1, '2023-12-31 15:00:00'),
(5, 'EC担当者', 'ec@example.com', '1415', 1, '2023-12-31 15:00:00');

-- --------------------------------------------------------

--
-- テーブルの構造 `category`
--

CREATE TABLE `category` (
  `ct_id` int(11) NOT NULL,
  `ct_name` varchar(100) DEFAULT NULL,
  `parent_id` int(11) DEFAULT NULL,
  `is_active` tinyint(1) DEFAULT 1,
  `created_at` timestamp NOT NULL DEFAULT current_timestamp()
) ENGINE=InnoDB DEFAULT CHARSET=utf8mb4 COLLATE=utf8mb4_unicode_ci;

--
-- テーブルのデータのダンプ `category`
--

INSERT INTO `category` (`ct_id`, `ct_name`, `parent_id`, `is_active`, `created_at`) VALUES
(1, 'hakkou', NULL, 1, '2024-04-30 03:29:40'),
(2, 'organic', NULL, 1, '2024-04-30 03:29:40'),
(3, 'indulgence', NULL, 1, '2024-04-30 03:29:40');

-- --------------------------------------------------------

--
-- テーブルの構造 `inventory`
--

CREATE TABLE `inventory` (
  `pr_id` int(11) NOT NULL,
  `stock_quantity` int(11) DEFAULT NULL,
  `last_updated` timestamp NOT NULL DEFAULT current_timestamp() ON UPDATE current_timestamp()
) ENGINE=InnoDB DEFAULT CHARSET=utf8mb4 COLLATE=utf8mb4_unicode_ci;

--
-- テーブルのデータのダンプ `inventory`
--

INSERT INTO `inventory` (`pr_id`, `stock_quantity`, `last_updated`) VALUES
(1, 13, '2024-05-15 01:23:41'),
(2, 9, '2024-05-01 00:08:36'),
(3, 13, '2024-05-01 00:03:18'),
(4, 11, '2024-05-01 00:03:18'),
(5, 16, '2024-05-01 00:03:18'),
(6, 12, '2024-05-01 00:09:08'),
(7, 13, '2024-05-01 00:09:08'),
(8, 14, '2024-04-30 23:51:04'),
(9, 10, '2024-05-01 00:01:46'),
(10, 16, '2024-05-01 00:01:46'),
(11, 10, '2024-05-01 00:09:08'),
(12, 10, '2024-05-01 00:08:51'),
(13, 9, '2024-05-01 00:09:36'),
(14, 16, '2024-05-01 00:02:41'),
(15, 14, '2024-05-01 00:08:51'),
(16, 10, '2024-05-01 00:09:36'),
(17, 11, '2024-05-01 00:09:36'),
(18, 10, '2024-05-01 00:02:41'),
(19, 10, '2024-05-01 00:01:20'),
(20, 18, '2024-05-01 06:48:44'),
(21, 0, '2024-05-15 01:23:41'),
(22, 7, '2024-05-15 01:23:41'),
(23, 3, '2024-05-15 01:23:41'),
(24, 12, '2024-05-01 00:09:36'),
(25, 16, '2024-04-30 23:52:59'),
(26, 7, '2024-05-01 00:09:22'),
(27, 15, '2024-05-01 00:09:22'),
(28, 17, '2024-05-01 00:09:22'),
(29, 13, '2024-05-01 00:09:36'),
(30, 12, '2024-05-01 00:08:36');

-- --------------------------------------------------------

--
-- テーブルの構造 `orders`
--

CREATE TABLE `orders` (
  `od_id` int(11) NOT NULL,
  `user_id` int(11) DEFAULT NULL,
  `od_date` date DEFAULT NULL,
  `cancelled_flag` tinyint(1) DEFAULT 0,
  `payment_method` varchar(20) DEFAULT NULL
) ENGINE=InnoDB DEFAULT CHARSET=utf8mb4 COLLATE=utf8mb4_unicode_ci;

--
-- テーブルのデータのダンプ `orders`
--

INSERT INTO `orders` (`od_id`, `user_id`, `od_date`, `cancelled_flag`, `payment_method`) VALUES
(1, 1, '2024-01-02', 0, NULL),
(2, 2, '2024-01-02', 0, NULL),
(3, 3, '2024-01-02', 0, NULL),
(4, 4, '2024-01-02', 0, NULL),
(5, 5, '2024-01-02', 0, NULL),
(6, 6, '2024-01-02', 0, NULL),
(7, 7, '2024-01-02', 0, NULL),
(8, 8, '2024-01-02', 0, NULL),
(9, 9, '2024-01-02', 0, NULL),
(10, 10, '2024-01-02', 0, NULL),
(11, 1, '2024-01-02', 0, NULL),
(12, 10, '2024-02-02', 0, NULL),
(13, 6, '2024-02-02', 0, NULL),
(14, 7, '2024-02-02', 0, NULL),
(15, 1, '2024-02-02', 0, NULL),
(16, 2, '2024-02-02', 0, NULL),
(17, 3, '2024-02-02', 0, NULL),
(18, 4, '2024-02-02', 0, NULL),
(19, 1, '2024-03-02', 0, NULL),
(20, 2, '2024-03-02', 0, NULL),
(21, 3, '2024-03-02', 0, NULL),
(22, 4, '2024-03-02', 0, NULL),
(23, 5, '2024-03-02', 0, NULL),
(24, 6, '2024-03-02', 0, NULL),
(25, 7, '2024-03-02', 0, NULL),
(26, 8, '2024-03-02', 0, NULL),
(27, 9, '2024-03-02', 0, NULL),
(28, 10, '2024-03-02', 0, NULL),
(29, 1, '2024-04-02', 0, NULL),
(30, 3, '2024-04-02', 0, NULL),
(31, 5, '2024-04-02', 0, NULL),
(32, 7, '2024-04-02', 0, NULL),
(33, 8, '2024-04-02', 0, NULL),
(34, 16, '2024-05-15', 0, NULL);

-- --------------------------------------------------------

--
-- テーブルの構造 `order_details`
--

CREATE TABLE `order_details` (
  `id` int(11) NOT NULL,
  `od_id` int(11) NOT NULL,
  `detail_id` int(11) NOT NULL,
  `pr_id` int(11) NOT NULL,
  `quantity` int(11) NOT NULL,
  `cancelled_flag` tinyint(1) DEFAULT 0
) ENGINE=InnoDB DEFAULT CHARSET=utf8mb4 COLLATE=utf8mb4_unicode_ci;

--
-- テーブルのデータのダンプ `order_details`
--

INSERT INTO `order_details` (`id`, `od_id`, `detail_id`, `pr_id`, `quantity`, `cancelled_flag`) VALUES
(1, 1, 1, 1, 1, 0),
(2, 1, 2, 10, 1, 0),
(3, 1, 3, 12, 1, 0),
(4, 1, 4, 15, 1, 0),
(5, 1, 5, 18, 1, 0),
(6, 2, 1, 5, 1, 0),
(7, 2, 2, 9, 1, 0),
(8, 2, 3, 13, 2, 0),
(9, 2, 4, 21, 3, 0),
(10, 2, 5, 22, 2, 0),
(11, 3, 1, 2, 3, 0),
(12, 3, 2, 3, 4, 0),
(13, 3, 3, 4, 3, 0),
(14, 3, 4, 6, 1, 0),
(15, 3, 5, 7, 4, 0),
(16, 4, 1, 10, 1, 0),
(17, 4, 2, 11, 1, 0),
(18, 4, 3, 12, 1, 0),
(19, 4, 4, 13, 1, 0),
(20, 4, 5, 19, 1, 0),
(21, 5, 1, 20, 2, 0),
(22, 5, 2, 23, 3, 0),
(23, 5, 3, 24, 1, 0),
(24, 5, 4, 25, 1, 0),
(25, 5, 5, 26, 1, 0),
(26, 6, 1, 27, 1, 0),
(27, 6, 2, 28, 1, 0),
(28, 6, 3, 29, 1, 0),
(29, 6, 4, 30, 2, 0),
(30, 7, 1, 3, 1, 0),
(31, 7, 2, 4, 2, 0),
(32, 8, 1, 13, 1, 0),
(33, 8, 2, 15, 1, 0),
(34, 9, 1, 8, 1, 0),
(35, 9, 2, 14, 1, 0),
(36, 9, 3, 16, 1, 0),
(37, 9, 4, 17, 1, 0),
(38, 10, 1, 1, 5, 0),
(39, 11, 1, 1, 2, 0),
(40, 11, 2, 2, 1, 0),
(41, 12, 1, 21, 3, 0),
(42, 12, 2, 22, 4, 0),
(43, 12, 3, 24, 6, 0),
(44, 12, 4, 26, 4, 0),
(45, 12, 5, 29, 4, 0),
(46, 13, 1, 1, 5, 0),
(47, 13, 2, 2, 4, 0),
(48, 13, 3, 6, 4, 0),
(49, 13, 4, 8, 5, 0),
(50, 13, 5, 10, 1, 0),
(51, 14, 1, 11, 1, 0),
(52, 14, 2, 9, 6, 0),
(53, 14, 3, 13, 2, 0),
(54, 14, 4, 17, 1, 0),
(55, 14, 5, 19, 1, 0),
(56, 15, 1, 1, 3, 0),
(57, 15, 2, 4, 2, 0),
(58, 15, 3, 6, 2, 0),
(59, 15, 4, 7, 1, 0),
(60, 15, 5, 21, 1, 0),
(61, 16, 1, 21, 1, 0),
(62, 16, 2, 23, 1, 0),
(63, 16, 3, 25, 3, 0),
(64, 16, 4, 26, 3, 0),
(65, 16, 5, 30, 2, 0),
(66, 17, 1, 11, 2, 0),
(67, 17, 2, 12, 3, 0),
(68, 17, 3, 13, 4, 0),
(69, 17, 4, 15, 1, 0),
(70, 17, 5, 16, 1, 0),
(71, 18, 1, 16, 1, 0),
(72, 18, 2, 18, 2, 0),
(73, 18, 3, 19, 2, 0),
(74, 18, 4, 23, 1, 0),
(75, 18, 5, 26, 2, 0),
(76, 19, 1, 1, 5, 0),
(77, 19, 2, 2, 3, 0),
(78, 19, 3, 11, 3, 0),
(79, 19, 4, 12, 4, 0),
(80, 19, 5, 13, 4, 0),
(81, 20, 1, 1, 3, 0),
(82, 20, 2, 2, 4, 0),
(83, 20, 3, 16, 2, 0),
(84, 20, 4, 17, 3, 0),
(85, 20, 5, 19, 4, 0),
(86, 21, 1, 21, 1, 0),
(87, 21, 2, 22, 1, 0),
(88, 21, 3, 26, 2, 0),
(89, 21, 4, 27, 1, 0),
(90, 21, 5, 30, 1, 0),
(91, 22, 1, 1, 5, 0),
(92, 22, 2, 14, 1, 0),
(93, 22, 3, 16, 1, 0),
(94, 22, 4, 18, 1, 0),
(95, 22, 5, 19, 2, 0),
(96, 23, 1, 1, 4, 0),
(97, 23, 2, 5, 1, 0),
(98, 23, 3, 16, 3, 0),
(99, 23, 4, 17, 3, 0),
(100, 23, 5, 18, 3, 0),
(101, 24, 1, 9, 3, 0),
(102, 24, 2, 10, 1, 0),
(103, 25, 1, 27, 2, 0),
(104, 25, 2, 28, 1, 0),
(105, 25, 3, 29, 1, 0),
(106, 25, 4, 30, 2, 0),
(107, 26, 1, 14, 2, 0),
(108, 26, 2, 15, 2, 0),
(109, 26, 3, 18, 3, 0),
(110, 26, 4, 21, 1, 0),
(111, 27, 1, 3, 2, 0),
(112, 27, 2, 4, 2, 0),
(113, 27, 3, 5, 2, 0),
(114, 28, 1, 1, 3, 0),
(115, 28, 2, 21, 1, 0),
(116, 28, 3, 22, 1, 0),
(117, 29, 1, 1, 3, 0),
(118, 29, 2, 2, 1, 0),
(119, 29, 3, 30, 1, 0),
(120, 30, 1, 11, 1, 0),
(121, 30, 2, 12, 1, 0),
(122, 30, 3, 13, 1, 0),
(123, 30, 4, 15, 1, 0),
(124, 30, 5, 21, 1, 0),
(125, 31, 1, 6, 1, 0),
(126, 31, 2, 7, 2, 0),
(127, 31, 3, 11, 2, 0),
(128, 31, 4, 23, 2, 0),
(129, 32, 1, 21, 1, 0),
(130, 32, 2, 22, 1, 0),
(131, 32, 3, 26, 1, 0),
(132, 32, 4, 27, 1, 0),
(133, 32, 5, 28, 1, 0),
(134, 33, 1, 13, 1, 0),
(135, 33, 2, 16, 1, 0),
(136, 33, 3, 17, 1, 0),
(137, 33, 4, 24, 1, 0),
(138, 33, 5, 29, 1, 0),
(139, 34, 0, 1, 3, 0),
(140, 34, 0, 23, 10, 0),
(141, 34, 0, 22, 4, 0),
(142, 34, 0, 21, 7, 0);

-- --------------------------------------------------------

--
-- テーブルの構造 `product`
--

CREATE TABLE `product` (
  `pr_id` int(11) NOT NULL,
  `pr_name` varchar(100) DEFAULT NULL,
  `pr_about` text DEFAULT NULL,
  `pr_price` int(11) DEFAULT NULL,
  `purchase_price` int(11) NOT NULL,
  `pr_img` varchar(255) DEFAULT NULL,
  `sup_id` int(11) NOT NULL,
  `ct_id` int(11) DEFAULT NULL,
  `is_active` tinyint(1) DEFAULT 1,
  `created_at` timestamp NOT NULL DEFAULT current_timestamp()
) ENGINE=InnoDB DEFAULT CHARSET=utf8mb4 COLLATE=utf8mb4_unicode_ci;

--
-- テーブルのデータのダンプ `product`
--

INSERT INTO `product` (`pr_id`, `pr_name`, `pr_about`, `pr_price`, `purchase_price`, `pr_img`, `sup_id`, `ct_id`, `is_active`, `created_at`) VALUES
(1, '有機納豆 いっ歩', '古来の製法の納豆です。', 1100, 700, '../img/natto.jpg', 1, 1, 1, '2023-12-31 15:00:00'),
(2, '天然醸造信州味噌', '味噌本来の味が楽しめます。', 800, 500, '../img/miso.jpeg', 1, 1, 1, '2023-12-31 15:00:00'),
(3, '宗家キムチ', 'コストコで大人気商品。韓国発キムチです。', 1500, 1000, '../img/kimuchi.webp', 1, 1, 1, '2023-12-31 15:00:00'),
(4, 'ギリシャヨーグルト アテナ', 'ギリシャヨーグルトの元祖です。', 2400, 1700, '../img/yogrut.jpg', 1, 1, 1, '2023-12-31 15:00:00'),
(5, 'KIKKA酒麹甘酒', '飲み口スッキリ甘酒です。', 1600, 1100, '../img/amazake.webp', 1, 1, 1, '2023-12-31 15:00:00'),
(6, 'オリゼ塩麹', '塩麹初心者におすすめ。', 600, 400, '../img/kooji.jpg', 1, 1, 1, '2023-12-31 15:00:00'),
(7, '大徳醤油 麹の魚醤(のどぐろ)', 'ノドグロの魚醤ってなんて贅沢！コクが違います。', 1300, 900, '../img/gyosyou.jpeg', 1, 1, 1, '2023-12-31 15:00:00'),
(8, 'サカエヤ黒毛和牛熟成肉ロースステーキ', '熟成肉といえばサカエヤ。なんとも言えない深みが癖になります。', 5000, 3600, '../img/meat.jpeg', 1, 1, 1, '2023-12-31 15:00:00'),
(9, '本枯鰹節物語 削り節', '削り節の芳醇な香りと黄金のお出汁が楽しめます。', 1500, 1000, '../img/katuobushi.jpeg', 1, 1, 1, '2023-12-31 15:00:00'),
(10, '獺祭 磨き その先へ', '言わずと知れた獺祭の最高峰。', 38500, 32000, '../img/sake.jpeg', 2, 1, 1, '2023-12-31 15:00:00'),
(11, '鹿児島県産 渦巻ビーツ 1kg', '断面が渦巻模様になる綺麗なビーツです。', 1400, 1000, '../img/uzumakibiitsu.jpg', 3, 2, 1, '2023-12-31 15:00:00'),
(12, '熊本県産 トマト 300g', '真っ赤に完熟したルビーのようなトマト。', 700, 500, '../img/tomato.jpg', 3, 2, 1, '2023-12-31 15:00:00'),
(13, '和歌山県産 新玉ねぎ 500g', '辛味が少ないのでサラダなど生食に適しています。', 400, 300, '../img/shintamanegi.jpg', 3, 2, 1, '2023-12-31 15:00:00'),
(14, '青森県産 特別栽培りんご 2個セット', '農薬を出来る限り減らして栽培したりんごたちです。', 700, 450, '../img/ringo.jpg', 3, 2, 1, '2023-12-31 15:00:00'),
(15, '愛媛県産 レモン 200g', '丸かじりできます。安心安全なオーガニックレモンです。', 500, 350, '../img/remon.jpg', 3, 2, 1, '2023-12-31 15:00:00'),
(16, '兵庫県産 ラディッシュ 150g', '真っ赤な まんまるな小さな大根。料理のお皿を彩ります。', 300, 200, '../img/radhisshu.jpg', 3, 2, 1, '2023-12-31 15:00:00'),
(17, '熊本県産 ピーマン 130g', 'ピーマンはビタミンCが豊富！', 300, 200, '../img/piman.jpg', 3, 2, 1, '2023-12-31 15:00:00'),
(18, '兵庫県産 こかぶ 2玉セット', '春のかぶは柔らかくみずみずしい味です。', 400, 250, '../img/kokabu.jpg', 3, 2, 1, '2023-12-31 15:00:00'),
(19, '秋田県産 あきたこまち玄米 2kg', '冷めてもおいしいので、お弁当やおにぎりにもおすすめ。', 2000, 1400, '../img/genmai.jpg', 3, 2, 1, '2023-12-31 15:00:00'),
(20, '鹿児島県産 紅甘夏 1kg', '鹿児島県の特産品で、甘く酸味がまろやかな果実です。', 800, 500, '../img/beniamanatsu.jpg', 3, 2, 1, '2023-12-31 15:00:00'),
(21, '宗谷の塩', '自然塩なのでミネラルたっぷり', 1200, 800, '../img/souya_sio.jpg', 1, 3, 1, '2023-12-31 15:00:00'),
(22, 'ぬちまーす', 'とてもまろやかな味のお塩です', 2200, 1800, '../img/nuti_sio.jpg', 1, 3, 1, '2023-12-31 15:00:00'),
(23, 'スロークッカー', '難しい煮込み料理が誰でも簡単にできるスロークッカーです', 3000, 2500, '../img/slow_cuker.jpg', 4, 3, 1, '2023-12-31 15:00:00'),
(24, 'コンベクションオーブン', '焼きムラが少なく食材の中まで均一に焼き上げます', 9000, 8000, '../img/convection.jpg', 5, 3, 1, '2023-12-31 15:00:00'),
(25, '低温調理器', '洗練、ミニマル、スタイリッシュ＆コンパクト', 22000, 20000, '../img/teiontyouri.jpg', 6, 3, 1, '2023-12-31 15:00:00'),
(26, 'びわの葉茶', 'ねじめびわ茶のティーバッグ31包入りです', 1200, 800, '../img/biwa_tea.jpg', 1, 3, 1, '2023-12-31 15:00:00'),
(27, 'ルイボスティー', 'ノンカフェインですので、ご家族みなさまでご愛飲いただけます', 900, 700, '../img/ruibos_tea.jpg', 1, 3, 1, '2023-12-31 15:00:00'),
(28, 'たんぽぽ茶', 'ノンカフェインですので、ご家族みなさまでご愛飲いただけます', 1300, 900, '../img/tanpopo_tea.jpg', 1, 3, 1, '2023-12-31 15:00:00'),
(29, '茶葉ショコラ', '手でつまんでパリッと上品にいただくことができます', 5500, 5000, '../img/tea_choko.jpg', 7, 3, 1, '2023-12-31 15:00:00'),
(30, '加賀梅酒 梅里', 'なめらかでスッキリしたバランスの良さが特徴の梅酒です', 2000, 1800, '../img/umesyu.jpg', 8, 3, 1, '2023-12-31 15:00:00');

-- --------------------------------------------------------

--
-- テーブルの構造 `product_imgs`
--

CREATE TABLE `product_imgs` (
  `pr_id` int(11) NOT NULL,
  `img02` varchar(255) NOT NULL,
  `img03` varchar(255) NOT NULL,
  `img04` varchar(255) NOT NULL
) ENGINE=InnoDB DEFAULT CHARSET=utf8mb4 COLLATE=utf8mb4_unicode_ci;

--
-- テーブルのデータのダンプ `product_imgs`
--

INSERT INTO `product_imgs` (`pr_id`, `img02`, `img03`, `img04`) VALUES
(21, '../img/detail/souya_sio_02.jpg', '../img/detail/souya_sio_03.jpg', '../img/detail/souya_sio_04.jpg'),
(22, '../img/detail/nuti_sio_02.jpg', '../img/detail/nuti_sio_03.jpg', '../img/detail/nuti_sio_04.jpg'),
(23, '../img/detail/slow_cuker_02.jpg', '../img/detail/slow_cuker_03.jpg', '../img/detail/slow_cuker_04.jpg'),
(24, '../img/detail/convection_02.jpg', '../img/detail/convection_03.jpg', '../img/detail/convection_04.jpg'),
(25, '../img/detail/teiontyouri_02.jpg', '../img/detail/teiontyouri_03.jpg', '../img/detail/teiontyouri_04.jpg'),
(26, '../img/detail/biwa_tea_02.jpg', '../img/detail/biwa_tea_03.jpg', '../img/detail/biwa_tea_04.jpg'),
(27, '../img/detail/ruibos_tea_02.jpg', '../img/detail/ruibos_tea_03.jpg', '../img/detail/ruibos_tea_04.jpg'),
(28, '../img/detail/tanpopo_tea_02.jpg', '../img/detail/tanpopo_tea_03.jpg', '../img/detail/tanpopo_tea_04.jpg'),
(29, '../img/detail/tea_choko_02.jpg', '../img/detail/tea_choko_03.jpg', '../img/detail/tea_choko_04.jpg'),
(30, '../img/detail/umesyu_02.jpg', '../img/detail/umesyu_03.jpg', '../img/detail/umesyu_04.jpg'),
(11, '../img/detail/uzumakibiitsu_02.jpg', '../img/detail/uzumakibiitsu_03.jpg', '../img/detail/uzumakibiitsu_04.jpg'),
(12, '../img/detail/tomato_02.jpg', '../img/detail/tomato_03.jpg', '../img/detail/tomato_04.jpg'),
(13, '../img/detail/shintamanegi_02.jpg', '../img/detail/shintamanegi_03.jpg', '../img/detail/shintamanegi_04.jpg'),
(14, '../img/detail/ringo_02.jpg', '../img/detail/ringo_03.jpg', '../img/detail/ringo_04.jpg'),
(15, '../img/detail/remon_02.jpg', '../img/detail/remon_03.jpg', '../img/detail/remon_04.jpg'),
(16, '../img/detail/radhisshu_02.jpg', '../img/detail/radhisshu_03.jpg', '../img/detail/radhisshu_04.jpg'),
(17, '../img/detail/piman_02.jpg', '../img/detail/piman_03.jpg', '../img/detail/piman_04.jpg'),
(18, '../img/detail/kokabu_02.jpg', '../img/detail/kokabu_03.jpg', '../img/detail/kokabu_04.jpg'),
(19, '../img/detail/genmai_02.jpg', '../img/detail/genmai_03.jpg', '../img/detail/genmai_04.jpg'),
(20, '../img/detail/beniamanatsu_02.jpg', '../img/detail/beniamanatsu_03.jpg', '../img/detail/beniamanatsu_04.jpg');

-- --------------------------------------------------------

--
-- テーブルの構造 `purchases`
--

CREATE TABLE `purchases` (
  `pc_id` int(11) NOT NULL,
  `sup_id` int(11) DEFAULT NULL,
  `pc_date` date DEFAULT NULL,
  `cancelled_flag` tinyint(1) DEFAULT 0
) ENGINE=InnoDB DEFAULT CHARSET=utf8mb4 COLLATE=utf8mb4_unicode_ci;

--
-- テーブルのデータのダンプ `purchases`
--

INSERT INTO `purchases` (`pc_id`, `sup_id`, `pc_date`, `cancelled_flag`) VALUES
(1, 1, '2024-01-01', 0),
(2, 2, '2024-01-01', 0),
(3, 3, '2024-01-01', 0),
(4, 4, '2024-01-01', 0),
(5, 5, '2024-01-01', 0),
(6, 6, '2024-01-01', 0),
(7, 7, '2024-01-01', 0),
(8, 8, '2024-01-01', 0),
(9, 1, '2024-02-01', 0),
(10, 2, '2024-02-01', 0),
(11, 3, '2024-02-01', 0),
(12, 4, '2024-02-01', 0),
(13, 5, '2024-02-01', 0),
(14, 6, '2024-02-01', 0),
(15, 7, '2024-02-01', 0),
(16, 8, '2024-02-01', 0),
(17, 1, '2024-03-01', 0),
(18, 1, '2024-04-01', 0),
(19, 3, '2024-04-01', 0);

-- --------------------------------------------------------

--
-- テーブルの構造 `purchase_details`
--

CREATE TABLE `purchase_details` (
  `id` int(11) NOT NULL,
  `pc_id` int(11) DEFAULT NULL,
  `detail_id` int(11) DEFAULT NULL,
  `pr_id` int(11) DEFAULT NULL,
  `quantity` int(11) DEFAULT NULL,
  `cancelled_flag` tinyint(1) DEFAULT 0
) ENGINE=InnoDB DEFAULT CHARSET=utf8mb4 COLLATE=utf8mb4_unicode_ci;

--
-- テーブルのデータのダンプ `purchase_details`
--

INSERT INTO `purchase_details` (`id`, `pc_id`, `detail_id`, `pr_id`, `quantity`, `cancelled_flag`) VALUES
(1, 1, 1, 1, 10, 0),
(2, 1, 2, 2, 10, 0),
(3, 1, 3, 3, 10, 0),
(4, 1, 4, 4, 10, 0),
(5, 1, 5, 5, 10, 0),
(6, 1, 6, 6, 10, 0),
(7, 1, 7, 7, 10, 0),
(8, 1, 8, 8, 10, 0),
(9, 1, 9, 9, 10, 0),
(10, 1, 10, 21, 10, 0),
(11, 1, 11, 22, 10, 0),
(12, 1, 12, 26, 10, 0),
(13, 1, 13, 27, 10, 0),
(14, 1, 14, 28, 10, 0),
(15, 2, 1, 10, 10, 0),
(16, 3, 1, 11, 10, 0),
(17, 3, 2, 12, 10, 0),
(18, 3, 3, 13, 10, 0),
(19, 3, 4, 14, 10, 0),
(20, 3, 5, 15, 10, 0),
(21, 3, 6, 16, 10, 0),
(22, 3, 7, 17, 10, 0),
(23, 3, 8, 18, 10, 0),
(24, 3, 9, 19, 10, 0),
(25, 3, 10, 20, 10, 0),
(26, 4, 1, 23, 10, 0),
(27, 5, 1, 24, 10, 0),
(28, 6, 1, 25, 10, 0),
(29, 7, 1, 29, 10, 0),
(30, 8, 1, 30, 10, 0),
(31, 9, 1, 1, 10, 0),
(32, 9, 2, 2, 10, 0),
(33, 9, 3, 3, 10, 0),
(34, 9, 4, 4, 10, 0),
(35, 9, 5, 5, 10, 0),
(36, 9, 6, 6, 10, 0),
(37, 9, 7, 7, 10, 0),
(38, 9, 8, 8, 10, 0),
(39, 9, 9, 9, 10, 0),
(40, 9, 10, 21, 10, 0),
(41, 9, 11, 22, 10, 0),
(42, 9, 12, 26, 10, 0),
(43, 9, 13, 27, 10, 0),
(44, 9, 14, 28, 10, 0),
(45, 10, 1, 10, 10, 0),
(46, 11, 1, 11, 10, 0),
(47, 11, 2, 12, 10, 0),
(48, 11, 3, 13, 10, 0),
(49, 11, 4, 14, 10, 0),
(50, 11, 5, 15, 10, 0),
(51, 11, 6, 16, 10, 0),
(52, 11, 7, 17, 10, 0),
(53, 11, 8, 18, 10, 0),
(54, 11, 9, 19, 10, 0),
(55, 11, 10, 20, 10, 0),
(56, 12, 1, 23, 10, 0),
(57, 13, 1, 24, 10, 0),
(58, 14, 1, 25, 10, 0),
(59, 15, 1, 29, 10, 0),
(60, 16, 1, 30, 10, 0),
(61, 17, 1, 1, 20, 0),
(62, 18, 1, 1, 15, 0),
(63, 18, 2, 2, 5, 0),
(64, 19, 1, 13, 5, 0);

-- --------------------------------------------------------

--
-- テーブルの構造 `stock_history`
--

CREATE TABLE `stock_history` (
  `history_id` int(11) NOT NULL,
  `pr_id` int(11) DEFAULT NULL,
  `transaction_type` enum('add','sell','return','purchase','cancel','cancel_revert') DEFAULT NULL,
  `transaction_date` datetime NOT NULL,
  `quantity` int(11) NOT NULL,
  `od_id` int(11) DEFAULT NULL,
  `pc_id` int(11) DEFAULT NULL
) ENGINE=InnoDB DEFAULT CHARSET=utf8mb4 COLLATE=utf8mb4_unicode_ci;

--
-- テーブルのデータのダンプ `stock_history`
--

INSERT INTO `stock_history` (`history_id`, `pr_id`, `transaction_type`, `transaction_date`, `quantity`, `od_id`, `pc_id`) VALUES
(1, 1, 'add', '2024-01-01 00:00:00', 10, NULL, 1),
(2, 2, 'add', '2024-01-01 00:00:00', 10, NULL, 1),
(3, 3, 'add', '2024-01-01 00:00:00', 10, NULL, 1),
(4, 4, 'add', '2024-01-01 00:00:00', 10, NULL, 1),
(5, 5, 'add', '2024-01-01 00:00:00', 10, NULL, 1),
(6, 6, 'add', '2024-01-01 00:00:00', 10, NULL, 1),
(7, 7, 'add', '2024-01-01 00:00:00', 10, NULL, 1),
(8, 8, 'add', '2024-01-01 00:00:00', 10, NULL, 1),
(9, 9, 'add', '2024-01-01 00:00:00', 10, NULL, 1),
(10, 21, 'add', '2024-01-01 00:00:00', 10, NULL, 1),
(11, 22, 'add', '2024-01-01 00:00:00', 10, NULL, 1),
(12, 26, 'add', '2024-01-01 00:00:00', 10, NULL, 1),
(13, 27, 'add', '2024-01-01 00:00:00', 10, NULL, 1),
(14, 28, 'add', '2024-01-01 00:00:00', 10, NULL, 1),
(15, 10, 'add', '2024-01-01 00:00:00', 10, NULL, 2),
(16, 11, 'add', '2024-01-01 00:00:00', 10, NULL, 3),
(17, 12, 'add', '2024-01-01 00:00:00', 10, NULL, 3),
(18, 13, 'add', '2024-01-01 00:00:00', 10, NULL, 3),
(19, 14, 'add', '2024-01-01 00:00:00', 10, NULL, 3),
(20, 15, 'add', '2024-01-01 00:00:00', 10, NULL, 3),
(21, 16, 'add', '2024-01-01 00:00:00', 10, NULL, 3),
(22, 17, 'add', '2024-01-01 00:00:00', 10, NULL, 3),
(23, 18, 'add', '2024-01-01 00:00:00', 10, NULL, 3),
(24, 19, 'add', '2024-01-01 00:00:00', 10, NULL, 3),
(25, 20, 'add', '2024-01-01 00:00:00', 10, NULL, 3),
(26, 23, 'add', '2024-01-01 00:00:00', 10, NULL, 4),
(27, 24, 'add', '2024-01-01 00:00:00', 10, NULL, 5),
(28, 25, 'add', '2024-01-01 00:00:00', 10, NULL, 6),
(29, 29, 'add', '2024-01-01 00:00:00', 10, NULL, 7),
(30, 30, 'add', '2024-01-01 00:00:00', 10, NULL, 8),
(31, 1, 'sell', '2024-01-02 00:00:00', -1, 1, NULL),
(32, 10, 'sell', '2024-01-02 00:00:00', -1, 1, NULL),
(33, 12, 'sell', '2024-01-02 00:00:00', -1, 1, NULL),
(34, 15, 'sell', '2024-01-02 00:00:00', -1, 1, NULL),
(35, 18, 'sell', '2024-01-02 00:00:00', -1, 1, NULL),
(36, 5, 'sell', '2024-01-02 00:00:00', -1, 2, NULL),
(37, 9, 'sell', '2024-01-02 00:00:00', -1, 2, NULL),
(38, 13, 'sell', '2024-01-02 00:00:00', -2, 2, NULL),
(39, 21, 'sell', '2024-01-02 00:00:00', -3, 2, NULL),
(40, 22, 'sell', '2024-01-02 00:00:00', -2, 2, NULL),
(41, 2, 'sell', '2024-01-02 00:00:00', -3, 3, NULL),
(42, 3, 'sell', '2024-01-02 00:00:00', -4, 3, NULL),
(43, 4, 'sell', '2024-01-02 00:00:00', -3, 3, NULL),
(44, 6, 'sell', '2024-01-02 00:00:00', -1, 3, NULL),
(45, 7, 'sell', '2024-01-02 00:00:00', -4, 3, NULL),
(46, 10, 'sell', '2024-01-02 00:00:00', -1, 4, NULL),
(47, 11, 'sell', '2024-01-02 00:00:00', -1, 4, NULL),
(48, 12, 'sell', '2024-01-02 00:00:00', -1, 4, NULL),
(49, 13, 'sell', '2024-01-02 00:00:00', -1, 4, NULL),
(50, 19, 'sell', '2024-01-02 00:00:00', -1, 4, NULL),
(51, 20, 'sell', '2024-01-02 00:00:00', -2, 5, NULL),
(52, 23, 'sell', '2024-01-02 00:00:00', -3, 5, NULL),
(53, 24, 'sell', '2024-01-02 00:00:00', -1, 5, NULL),
(54, 25, 'sell', '2024-01-02 00:00:00', -1, 5, NULL),
(55, 26, 'sell', '2024-01-02 00:00:00', -1, 5, NULL),
(56, 27, 'sell', '2024-01-02 00:00:00', -1, 6, NULL),
(57, 28, 'sell', '2024-01-02 00:00:00', -1, 6, NULL),
(58, 29, 'sell', '2024-01-02 00:00:00', -1, 6, NULL),
(59, 30, 'sell', '2024-01-02 00:00:00', -2, 6, NULL),
(60, 3, 'sell', '2024-01-02 00:00:00', -1, 7, NULL),
(61, 4, 'sell', '2024-01-02 00:00:00', -2, 7, NULL),
(62, 13, 'sell', '2024-01-02 00:00:00', -1, 8, NULL),
(63, 15, 'sell', '2024-01-02 00:00:00', -1, 8, NULL),
(64, 8, 'sell', '2024-01-02 00:00:00', -1, 9, NULL),
(65, 14, 'sell', '2024-01-02 00:00:00', -1, 9, NULL),
(66, 16, 'sell', '2024-01-02 00:00:00', -1, 9, NULL),
(67, 17, 'sell', '2024-01-02 00:00:00', -1, 9, NULL),
(68, 1, 'sell', '2024-01-02 00:00:00', -5, 10, NULL),
(69, 1, 'sell', '2024-01-02 00:00:00', -2, 11, NULL),
(70, 2, 'sell', '2024-01-02 00:00:00', -1, 11, NULL),
(71, 1, 'add', '2024-02-01 00:00:00', 10, NULL, 9),
(72, 2, 'add', '2024-02-01 00:00:00', 10, NULL, 9),
(73, 3, 'add', '2024-02-01 00:00:00', 10, NULL, 9),
(74, 4, 'add', '2024-02-01 00:00:00', 10, NULL, 9),
(75, 5, 'add', '2024-02-01 00:00:00', 10, NULL, 9),
(76, 6, 'add', '2024-02-01 00:00:00', 10, NULL, 9),
(77, 7, 'add', '2024-02-01 00:00:00', 10, NULL, 9),
(78, 8, 'add', '2024-02-01 00:00:00', 10, NULL, 9),
(79, 9, 'add', '2024-02-01 00:00:00', 10, NULL, 9),
(80, 21, 'add', '2024-02-01 00:00:00', 10, NULL, 9),
(81, 22, 'add', '2024-02-01 00:00:00', 10, NULL, 9),
(82, 26, 'add', '2024-02-01 00:00:00', 10, NULL, 9),
(83, 27, 'add', '2024-02-01 00:00:00', 10, NULL, 9),
(84, 28, 'add', '2024-02-01 00:00:00', 10, NULL, 9),
(85, 10, 'add', '2024-02-01 00:00:00', 10, NULL, 10),
(86, 11, 'add', '2024-02-01 00:00:00', 10, NULL, 11),
(87, 12, 'add', '2024-02-01 00:00:00', 10, NULL, 11),
(88, 13, 'add', '2024-02-01 00:00:00', 10, NULL, 11),
(89, 14, 'add', '2024-02-01 00:00:00', 10, NULL, 11),
(90, 15, 'add', '2024-02-01 00:00:00', 10, NULL, 11),
(91, 16, 'add', '2024-02-01 00:00:00', 10, NULL, 11),
(92, 17, 'add', '2024-02-01 00:00:00', 10, NULL, 11),
(93, 18, 'add', '2024-02-01 00:00:00', 10, NULL, 11),
(94, 19, 'add', '2024-02-01 00:00:00', 10, NULL, 11),
(95, 20, 'add', '2024-02-01 00:00:00', 10, NULL, 11),
(96, 23, 'add', '2024-02-01 00:00:00', 10, NULL, 12),
(97, 24, 'add', '2024-02-01 00:00:00', 10, NULL, 13),
(98, 25, 'add', '2024-02-01 00:00:00', 10, NULL, 14),
(99, 29, 'add', '2024-02-01 00:00:00', 10, NULL, 15),
(100, 30, 'add', '2024-02-01 00:00:00', 10, NULL, 16),
(101, 21, 'sell', '2024-02-02 00:00:00', -3, 12, NULL),
(102, 22, 'sell', '2024-02-02 00:00:00', -4, 12, NULL),
(103, 24, 'sell', '2024-02-02 00:00:00', -6, 12, NULL),
(104, 26, 'sell', '2024-02-02 00:00:00', -4, 12, NULL),
(105, 29, 'sell', '2024-02-02 00:00:00', -4, 12, NULL),
(106, 1, 'sell', '2024-02-02 00:00:00', -5, 13, NULL),
(107, 2, 'sell', '2024-02-02 00:00:00', -4, 13, NULL),
(108, 6, 'sell', '2024-02-02 00:00:00', -4, 13, NULL),
(109, 8, 'sell', '2024-02-02 00:00:00', -5, 13, NULL),
(110, 10, 'sell', '2024-02-02 00:00:00', -1, 13, NULL),
(111, 11, 'sell', '2024-02-02 00:00:00', -1, 14, NULL),
(112, 9, 'sell', '2024-02-02 00:00:00', -6, 14, NULL),
(113, 13, 'sell', '2024-02-02 00:00:00', -2, 14, NULL),
(114, 17, 'sell', '2024-02-02 00:00:00', -1, 14, NULL),
(115, 19, 'sell', '2024-02-02 00:00:00', -1, 14, NULL),
(116, 1, 'sell', '2024-02-02 00:00:00', -3, 15, NULL),
(117, 4, 'sell', '2024-02-02 00:00:00', -2, 15, NULL),
(118, 6, 'sell', '2024-02-02 00:00:00', -2, 15, NULL),
(119, 7, 'sell', '2024-02-02 00:00:00', -1, 15, NULL),
(120, 21, 'sell', '2024-02-02 00:00:00', -1, 15, NULL),
(121, 21, 'sell', '2024-02-02 00:00:00', -1, 16, NULL),
(122, 23, 'sell', '2024-02-02 00:00:00', -1, 16, NULL),
(123, 25, 'sell', '2024-02-02 00:00:00', -3, 16, NULL),
(124, 26, 'sell', '2024-02-02 00:00:00', -3, 16, NULL),
(125, 30, 'sell', '2024-02-02 00:00:00', -2, 16, NULL),
(126, 11, 'sell', '2024-02-02 00:00:00', -2, 17, NULL),
(127, 12, 'sell', '2024-02-02 00:00:00', -3, 17, NULL),
(128, 13, 'sell', '2024-02-02 00:00:00', -4, 17, NULL),
(129, 15, 'sell', '2024-02-02 00:00:00', -1, 17, NULL),
(130, 16, 'sell', '2024-02-02 00:00:00', -1, 17, NULL),
(131, 16, 'sell', '2024-02-02 00:00:00', -1, 18, NULL),
(132, 18, 'sell', '2024-02-02 00:00:00', -2, 18, NULL),
(133, 19, 'sell', '2024-02-02 00:00:00', -2, 18, NULL),
(134, 23, 'sell', '2024-02-02 00:00:00', -1, 18, NULL),
(135, 26, 'sell', '2024-02-02 00:00:00', -2, 18, NULL),
(136, 1, 'add', '2024-03-01 00:00:00', 20, NULL, 17),
(137, 1, 'sell', '2024-03-02 00:00:00', -5, 19, NULL),
(138, 2, 'sell', '2024-03-02 00:00:00', -3, 19, NULL),
(139, 11, 'sell', '2024-03-02 00:00:00', -3, 19, NULL),
(140, 12, 'sell', '2024-03-02 00:00:00', -4, 19, NULL),
(141, 13, 'sell', '2024-03-02 00:00:00', -4, 19, NULL),
(142, 1, 'sell', '2024-03-02 00:00:00', -3, 20, NULL),
(143, 2, 'sell', '2024-03-02 00:00:00', -4, 20, NULL),
(144, 16, 'sell', '2024-03-02 00:00:00', -2, 20, NULL),
(145, 17, 'sell', '2024-03-02 00:00:00', -3, 20, NULL),
(146, 19, 'sell', '2024-03-02 00:00:00', -4, 20, NULL),
(147, 21, 'sell', '2024-03-02 00:00:00', -1, 21, NULL),
(148, 22, 'sell', '2024-03-02 00:00:00', -1, 21, NULL),
(149, 26, 'sell', '2024-03-02 00:00:00', -2, 21, NULL),
(150, 27, 'sell', '2024-03-02 00:00:00', -1, 21, NULL),
(151, 30, 'sell', '2024-03-02 00:00:00', -1, 21, NULL),
(152, 1, 'sell', '2024-03-02 00:00:00', -5, 22, NULL),
(153, 14, 'sell', '2024-03-02 00:00:00', -1, 22, NULL),
(154, 16, 'sell', '2024-03-02 00:00:00', -1, 22, NULL),
(155, 18, 'sell', '2024-03-02 00:00:00', -1, 22, NULL),
(156, 19, 'sell', '2024-03-02 00:00:00', -2, 22, NULL),
(157, 1, 'sell', '2024-03-02 00:00:00', -4, 23, NULL),
(158, 5, 'sell', '2024-03-02 00:00:00', -1, 23, NULL),
(159, 16, 'sell', '2024-03-02 00:00:00', -3, 23, NULL),
(160, 17, 'sell', '2024-03-02 00:00:00', -3, 23, NULL),
(161, 18, 'sell', '2024-03-02 00:00:00', -3, 23, NULL),
(162, 9, 'sell', '2024-03-02 00:00:00', -3, 24, NULL),
(163, 10, 'sell', '2024-03-02 00:00:00', -1, 24, NULL),
(164, 27, 'sell', '2024-03-02 00:00:00', -2, 25, NULL),
(165, 28, 'sell', '2024-03-02 00:00:00', -1, 25, NULL),
(166, 29, 'sell', '2024-03-02 00:00:00', -1, 25, NULL),
(167, 30, 'sell', '2024-03-02 00:00:00', -2, 25, NULL),
(168, 14, 'sell', '2024-03-02 00:00:00', -2, 26, NULL),
(169, 15, 'sell', '2024-03-02 00:00:00', -2, 26, NULL),
(170, 18, 'sell', '2024-03-02 00:00:00', -3, 26, NULL),
(171, 21, 'sell', '2024-03-02 00:00:00', -1, 26, NULL),
(172, 3, 'sell', '2024-03-02 00:00:00', -2, 27, NULL),
(173, 4, 'sell', '2024-03-02 00:00:00', -2, 27, NULL),
(174, 5, 'sell', '2024-03-02 00:00:00', -2, 27, NULL),
(175, 1, 'sell', '2024-03-02 00:00:00', -3, 28, NULL),
(176, 21, 'sell', '2024-03-02 00:00:00', -1, 28, NULL),
(177, 22, 'sell', '2024-03-02 00:00:00', -1, 28, NULL),
(178, 1, 'add', '2024-04-01 00:00:00', 15, NULL, 18),
(179, 2, 'add', '2024-04-01 00:00:00', 5, NULL, 18),
(180, 13, 'add', '2024-04-01 00:00:00', 5, NULL, 19),
(181, 1, 'sell', '2024-04-02 00:00:00', -3, 29, NULL),
(182, 2, 'sell', '2024-04-02 00:00:00', -1, 29, NULL),
(183, 30, 'sell', '2024-04-02 00:00:00', -1, 29, NULL),
(184, 11, 'sell', '2024-04-02 00:00:00', -1, 30, NULL),
(185, 12, 'sell', '2024-04-02 00:00:00', -1, 30, NULL),
(186, 13, 'sell', '2024-04-02 00:00:00', -1, 30, NULL),
(187, 15, 'sell', '2024-04-02 00:00:00', -1, 30, NULL),
(188, 21, 'sell', '2024-04-02 00:00:00', -1, 30, NULL),
(189, 6, 'sell', '2024-04-02 00:00:00', -1, 31, NULL),
(190, 7, 'sell', '2024-04-02 00:00:00', -2, 31, NULL),
(191, 11, 'sell', '2024-04-02 00:00:00', -2, 31, NULL),
(192, 23, 'sell', '2024-04-02 00:00:00', -2, 31, NULL),
(193, 21, 'sell', '2024-04-02 00:00:00', -1, 32, NULL),
(194, 22, 'sell', '2024-04-02 00:00:00', -1, 32, NULL),
(195, 26, 'sell', '2024-04-02 00:00:00', -1, 32, NULL),
(196, 27, 'sell', '2024-04-02 00:00:00', -1, 32, NULL),
(197, 28, 'sell', '2024-04-02 00:00:00', -1, 32, NULL),
(198, 13, 'sell', '2024-04-02 00:00:00', -1, 33, NULL),
(199, 16, 'sell', '2024-04-02 00:00:00', -1, 33, NULL),
(200, 17, 'sell', '2024-04-02 00:00:00', -1, 33, NULL),
(201, 24, 'sell', '2024-04-02 00:00:00', -1, 33, NULL),
(202, 29, 'sell', '2024-04-02 00:00:00', -1, 33, NULL),
(203, 1, 'cancel', '2024-05-14 16:18:18', 1, 1, NULL),
(204, 1, 'cancel_revert', '2024-05-14 16:18:48', -1, 1, NULL),
(205, 1, 'sell', '2024-05-15 03:23:41', -3, 34, NULL),
(206, 23, 'sell', '2024-05-15 03:23:41', -10, 34, NULL),
(207, 22, 'sell', '2024-05-15 03:23:41', -4, 34, NULL),
(208, 21, 'sell', '2024-05-15 03:23:41', -7, 34, NULL);

-- --------------------------------------------------------

--
-- テーブルの構造 `suppliers`
--

CREATE TABLE `suppliers` (
  `sup_id` int(11) NOT NULL,
  `sup_name` varchar(100) DEFAULT NULL,
  `address` varchar(255) NOT NULL,
  `email` varchar(255) NOT NULL,
  `contact_person` varchar(10) NOT NULL,
  `phone_number` varchar(20) NOT NULL,
  `is_active` tinyint(1) DEFAULT 1,
  `created_at` timestamp NOT NULL DEFAULT current_timestamp()
) ENGINE=InnoDB DEFAULT CHARSET=utf8mb4 COLLATE=utf8mb4_unicode_ci;

--
-- テーブルのデータのダンプ `suppliers`
--

INSERT INTO `suppliers` (`sup_id`, `sup_name`, `address`, `email`, `contact_person`, `phone_number`, `is_active`, `created_at`) VALUES
(1, '高瀬物産', '', '', '', '', 1, '2023-12-31 15:00:00'),
(2, '旭酒造', '', '', '', '', 1, '2023-12-31 15:00:00'),
(3, '坂の途中', '', '', '', '', 1, '2023-12-31 15:00:00'),
(4, 'アイリスオーヤマ', '', '', '', '', 1, '2023-12-31 15:00:00'),
(5, 'ツインバード', '', '', '', '', 1, '2023-12-31 15:00:00'),
(6, 'ボニーク', '', '', '', '', 1, '2023-12-31 15:00:00'),
(7, 'テオムラタ', '', '', '', '', 1, '2023-12-31 15:00:00'),
(8, '中村酒造', '', '', '', '', 1, '2023-12-31 15:00:00');

-- --------------------------------------------------------

--
-- テーブルの構造 `users`
--

CREATE TABLE `users` (
  `user_id` int(11) NOT NULL,
  `user_name` varchar(20) NOT NULL,
  `user_address` varchar(255) NOT NULL,
  `email` varchar(255) NOT NULL,
  `password` varchar(15) NOT NULL,
  `membership_type` varchar(50) NOT NULL,
  `tel` varchar(20) DEFAULT NULL,
  `is_active` tinyint(1) DEFAULT 1,
  `created_at` timestamp NOT NULL DEFAULT current_timestamp()
) ENGINE=InnoDB DEFAULT CHARSET=utf8mb4 COLLATE=utf8mb4_unicode_ci;

--
-- テーブルのデータのダンプ `users`
--

INSERT INTO `users` (`user_id`, `user_name`, `user_address`, `email`, `password`, `membership_type`, `tel`, `is_active`, `created_at`) VALUES
(1, '田中太郎', '東京都渋谷区', 'tanaka@example.com', '', '', NULL, 1, '2023-12-31 15:00:00'),
(2, '山田花子', '大阪府大阪市', 'yamada@example.com', '', '', NULL, 1, '2023-12-31 15:00:00'),
(3, '鈴木一郎', '福岡県福岡市', 'suzuki@example.com', '', '', NULL, 1, '2023-12-31 15:00:00'),
(4, '佐藤美咲', '北海道札幌市', 'sato@example.com', '', '', NULL, 1, '2023-12-31 15:00:00'),
(5, '高橋健太', '神奈川県横浜市', 'takahashi@example.com', '', '', NULL, 1, '2023-12-31 15:00:00'),
(6, '伊藤真理', '愛知県名古屋市', 'ito@example.com', '', '', NULL, 1, '2023-12-31 15:00:00'),
(7, '渡辺誠', '兵庫県神戸市', 'watanabe@example.com', '', '', NULL, 1, '2023-12-31 15:00:00'),
(8, '中村あい', '京都府京都市', 'nakamura@example.com', '', '', NULL, 1, '2023-12-31 15:00:00'),
(9, '小林隆', '広島県広島市', 'kobayashi@example.com', '', '', NULL, 1, '2023-12-31 15:00:00'),
(10, '加藤さやか', '沖縄県那覇市', 'kato@example.com', '', '', NULL, 1, '2023-12-31 15:00:00'),
(11, 'あああ', '', '', '', '', NULL, 1, '2024-05-07 07:27:46'),
(12, 'ああい', '', '', '', '', NULL, 1, '2024-05-07 07:30:09'),
(13, 'ジソウ', '', '', '', '', NULL, 1, '2024-05-07 07:38:35'),
(14, 'あああｓ', '', '', '', '', NULL, 1, '2024-05-07 07:42:13'),
(15, 'aaa', '536-0005 大阪府 大阪市城東区 中央', 'la@fg.sf', '', '', '045-6545-7844', 1, '2024-05-08 06:12:26'),
(16, '西崎', '536-0005 大阪府 大阪市城東区 中央', 'test@tesu.tesu', '', '', '000-0000-0000', 1, '2024-05-15 01:23:41');

--
-- ダンプしたテーブルのインデックス
--

--
-- テーブルのインデックス `admins`
--
ALTER TABLE `admins`
  ADD PRIMARY KEY (`id`);

--
-- テーブルのインデックス `category`
--
ALTER TABLE `category`
  ADD PRIMARY KEY (`ct_id`);

--
-- テーブルのインデックス `inventory`
--
ALTER TABLE `inventory`
  ADD PRIMARY KEY (`pr_id`);

--
-- テーブルのインデックス `orders`
--
ALTER TABLE `orders`
  ADD PRIMARY KEY (`od_id`);

--
-- テーブルのインデックス `order_details`
--
ALTER TABLE `order_details`
  ADD PRIMARY KEY (`id`);

--
-- テーブルのインデックス `product`
--
ALTER TABLE `product`
  ADD PRIMARY KEY (`pr_id`);

--
-- テーブルのインデックス `purchases`
--
ALTER TABLE `purchases`
  ADD PRIMARY KEY (`pc_id`);

--
-- テーブルのインデックス `purchase_details`
--
ALTER TABLE `purchase_details`
  ADD PRIMARY KEY (`id`);

--
-- テーブルのインデックス `stock_history`
--
ALTER TABLE `stock_history`
  ADD PRIMARY KEY (`history_id`);

--
-- テーブルのインデックス `suppliers`
--
ALTER TABLE `suppliers`
  ADD PRIMARY KEY (`sup_id`);

--
-- テーブルのインデックス `users`
--
ALTER TABLE `users`
  ADD PRIMARY KEY (`user_id`);

--
-- ダンプしたテーブルの AUTO_INCREMENT
--

--
-- テーブルの AUTO_INCREMENT `admins`
--
ALTER TABLE `admins`
  MODIFY `id` int(11) NOT NULL AUTO_INCREMENT, AUTO_INCREMENT=6;

--
-- テーブルの AUTO_INCREMENT `category`
--
ALTER TABLE `category`
  MODIFY `ct_id` int(11) NOT NULL AUTO_INCREMENT, AUTO_INCREMENT=4;

--
-- テーブルの AUTO_INCREMENT `orders`
--
ALTER TABLE `orders`
  MODIFY `od_id` int(11) NOT NULL AUTO_INCREMENT, AUTO_INCREMENT=35;

--
-- テーブルの AUTO_INCREMENT `order_details`
--
ALTER TABLE `order_details`
  MODIFY `id` int(11) NOT NULL AUTO_INCREMENT, AUTO_INCREMENT=143;

--
-- テーブルの AUTO_INCREMENT `product`
--
ALTER TABLE `product`
  MODIFY `pr_id` int(11) NOT NULL AUTO_INCREMENT, AUTO_INCREMENT=31;

--
-- テーブルの AUTO_INCREMENT `purchases`
--
ALTER TABLE `purchases`
  MODIFY `pc_id` int(11) NOT NULL AUTO_INCREMENT, AUTO_INCREMENT=20;

--
-- テーブルの AUTO_INCREMENT `purchase_details`
--
ALTER TABLE `purchase_details`
  MODIFY `id` int(11) NOT NULL AUTO_INCREMENT, AUTO_INCREMENT=65;

--
-- テーブルの AUTO_INCREMENT `stock_history`
--
ALTER TABLE `stock_history`
  MODIFY `history_id` int(11) NOT NULL AUTO_INCREMENT, AUTO_INCREMENT=209;

--
-- テーブルの AUTO_INCREMENT `suppliers`
--
ALTER TABLE `suppliers`
  MODIFY `sup_id` int(11) NOT NULL AUTO_INCREMENT, AUTO_INCREMENT=9;

--
-- テーブルの AUTO_INCREMENT `users`
--
ALTER TABLE `users`
  MODIFY `user_id` int(11) NOT NULL AUTO_INCREMENT, AUTO_INCREMENT=17;
COMMIT;

/*!40101 SET CHARACTER_SET_CLIENT=@OLD_CHARACTER_SET_CLIENT */;
/*!40101 SET CHARACTER_SET_RESULTS=@OLD_CHARACTER_SET_RESULTS */;
/*!40101 SET COLLATION_CONNECTION=@OLD_COLLATION_CONNECTION */;
